title,viewCount,likeCount,dislikeCount,commentCount,publishedAt
NiziU(니쥬) 1st Album 「Chopstick」 MV,11210678,343218,9346,28752,2021-11-10T15:00:13Z
NiziU(니쥬) 1st Album 「Chopstick」 MV,11222601,343356,9353,28765,2021-11-10T15:00:13Z
NiziU(니쥬) 1st Album 「Chopstick」 MV,11253508,343601,9370,28794,2021-11-10T15:00:13Z
NiziU(니쥬) 1st Album 「Chopstick」 MV,11288453,343883,9384,28826,2021-11-10T15:00:13Z
NiziU(니쥬) 1st Album 「Chopstick」 MV,11302431,344021,9387,28847,2021-11-10T15:00:13Z
NiziU(니쥬) 1st Album 「Chopstick」 MV,11340203,344279,9394,28895,2021-11-10T15:00:13Z
NiziU(니쥬) 1st Album 「Chopstick」 MV,11361210,344430,9404,28917,2021-11-10T15:00:13Z
NiziU(니쥬) 1st Album 「Chopstick」 MV,11376033,344563,9418,28936,2021-11-10T15:00:13Z
NiziU(니쥬) 1st Album 「Chopstick」 MV,11399558,344692,9423,28942,2021-11-10T15:00:13Z
NiziU(니쥬) 1st Album 「Chopstick」 MV,11436736,345016,9437,29000,2021-11-10T15:00:13Z
NiziU(니쥬) 1st Album 「Chopstick」 MV,11459007,345241,9445,29021,2021-11-10T15:00:13Z
NiziU(니쥬) 1st Album 「Chopstick」 MV,11479072,345401,9456,29038,2021-11-10T15:00:13Z
NiziU(니쥬) 1st Album 「Chopstick」 MV,11507729,345693,9472,29094,2021-11-10T15:00:13Z
NiziU(니쥬) 1st Album 「Chopstick」 MV,11536729,345895,9482,29113,2021-11-10T15:00:13Z
NiziU(니쥬) 1st Album 「Chopstick」 MV,11566772,346038,9486,29125,2021-11-10T15:00:13Z
NiziU(니쥬) 1st Album 「Chopstick」 MV,11588323,346277,9502,29163,2021-11-10T15:00:13Z
NiziU(니쥬) 1st Album 「Chopstick」 MV,11659995,346602,9523,29204,2021-11-10T15:00:13Z
NiziU(니쥬) 1st Album 「Chopstick」 MV,11718862,346800,9533,29221,2021-11-10T15:00:13Z
NiziU(니쥬) 1st Album 「Chopstick」 MV,11730000,346974,9547,29250,2021-11-10T15:00:13Z
NiziU(니쥬) 1st Album 「Chopstick」 MV,11753564,347303,9553,29288,2021-11-10T15:00:13Z
NiziU(니쥬) 1st Album 「Chopstick」 MV,11779045,347475,9561,29317,2021-11-10T15:00:13Z
NiziU(니쥬) 1st Album 「Chopstick」 MV,11802477,347654,9563,29356,2021-11-10T15:00:13Z
NiziU(니쥬) 1st Album 「Chopstick」 MV,11813973,347802,9565,29387,2021-11-10T15:00:13Z
NiziU(니쥬) 1st Album 「Chopstick」 MV,11850991,348382,9578,29518,2021-11-10T15:00:13Z
NiziU(니쥬) 1st Album 「Chopstick」 MV,11888574,348795,9592,29629,2021-11-10T15:00:13Z
NiziU(니쥬) 1st Album 「Chopstick」 MV,11940127,349191,9605,29711,2021-11-10T15:00:13Z
NiziU(니쥬) 1st Album 「Chopstick」 MV,11975301,349382,9609,29731,2021-11-10T15:00:13Z
NiziU(니쥬) 1st Album 「Chopstick」 MV,11997455,349587,9614,29787,2021-11-10T15:00:13Z
NiziU(니쥬) 1st Album 「Chopstick」 MV,12058681,350044,9627,29922,2021-11-10T15:00:13Z
NiziU(니쥬) 1st Album 「Chopstick」 MV,12071299,350217,9634,29954,2021-11-10T15:00:13Z
NiziU(니쥬) 1st Album 「Chopstick」 MV,12091211,350374,9639,29979,2021-11-10T15:00:13Z
NiziU(니쥬) 1st Album 「Chopstick」 MV,12129659,350661,9655,30016,2021-11-10T15:00:13Z
NiziU(니쥬) 1st Album 「Chopstick」 MV,12150892,350836,9662,30050,2021-11-10T15:00:13Z
NiziU(니쥬) 1st Album 「Chopstick」 MV,12171101,350954,9665,30055,2021-11-10T15:00:13Z
NiziU(니쥬) 1st Album 「Chopstick」 MV,12194212,351169,9670,30125,2021-11-10T15:00:13Z
NiziU(니쥬) 1st Album 「Chopstick」 MV,12225305,351431,9683,30140,2021-11-10T15:00:13Z
NiziU(니쥬) 1st Album 「Chopstick」 MV,12250555,351574,9688,30164,2021-11-10T15:00:13Z
NiziU(니쥬) 1st Album 「Chopstick」 MV,12268334,351684,9689,30171,2021-11-10T15:00:13Z
NiziU(니쥬) 1st Album 「Chopstick」 MV,12282080,351740,9691,30176,2021-11-10T15:00:13Z
NiziU(니쥬) 1st Album 「Chopstick」 MV,12299053,351838,9692,30174,2021-11-10T15:00:13Z
NiziU(니쥬) 1st Album 「Chopstick」 MV,12315980,351944,9697,30172,2021-11-10T15:00:13Z
NiziU(니쥬) 1st Album 「Chopstick」 MV,12324138,351997,9699,30189,2021-11-10T15:00:13Z
NiziU(니쥬) 1st Album 「Chopstick」 MV,12308815,352054,9702,30183,2021-11-10T15:00:13Z
NiziU(니쥬) 1st Album 「Chopstick」 MV,12314161,352093,9686,30219,2021-11-10T15:00:13Z
NiziU(니쥬) 1st Album 「Chopstick」 MV,12317247,352139,9676,30222,2021-11-10T15:00:13Z
NiziU(니쥬) 1st Album 「Chopstick」 MV,12318457,352184,9676,30224,2021-11-10T15:00:13Z
NiziU(니쥬) 1st Album 「Chopstick」 MV,12320835,352223,9680,30226,2021-11-10T15:00:13Z
NiziU(니쥬) 1st Album 「Chopstick」 MV,12322936,352292,9684,30231,2021-11-10T15:00:13Z
NiziU(니쥬) 1st Album 「Chopstick」 MV,12323009,352346,9685,30237,2021-11-10T15:00:13Z
NiziU(니쥬) 1st Album 「Chopstick」 MV,12328303,352387,9687,30237,2021-11-10T15:00:13Z
NiziU(니쥬) 1st Album 「Chopstick」 MV,12334825,352434,9693,30245,2021-11-10T15:00:13Z
NiziU(니쥬) 1st Album 「Chopstick」 MV,12335956,352504,9697,30257,2021-11-10T15:00:13Z
NiziU(니쥬) 1st Album 「Chopstick」 MV,12341930,352545,9702,30260,2021-11-10T15:00:13Z
NiziU(니쥬) 1st Album 「Chopstick」 MV,12345103,352604,9703,30278,2021-11-10T15:00:13Z
NiziU(니쥬) 1st Album 「Chopstick」 MV,12350620,352701,9709,30246,2021-11-10T15:00:13Z
NiziU(니쥬) 1st Album 「Chopstick」 MV,12356999,352798,9715,30260,2021-11-10T15:00:13Z
NiziU(니쥬) 1st Album 「Chopstick」 MV,12363543,352888,9717,30262,2021-11-10T15:00:13Z
NiziU(니쥬) 1st Album 「Chopstick」 MV,12369127,352964,9720,30269,2021-11-10T15:00:13Z
NiziU(니쥬) 1st Album 「Chopstick」 MV,12386088,353106,9726,30282,2021-11-10T15:00:13Z
NiziU(니쥬) 1st Album 「Chopstick」 MV,12399647,353195,9728,30294,2021-11-10T15:00:13Z
NiziU(니쥬) 1st Album 「Chopstick」 MV,12406784,353266,9731,30298,2021-11-10T15:00:13Z
NiziU(니쥬) 1st Album 「Chopstick」 MV,12432919,353508,9754,30331,2021-11-10T15:00:13Z
NiziU(니쥬) 1st Album 「Chopstick」 MV,12491641,353897,9770,30382,2021-11-10T15:00:13Z
NiziU(니쥬) 1st Album 「Chopstick」 MV,12520604,354078,9776,30397,2021-11-10T15:00:13Z
NiziU(니쥬) 1st Album 「Chopstick」 MV,12551145,354228,9784,30415,2021-11-10T15:00:13Z
NiziU(니쥬) 1st Album 「Chopstick」 MV,12558365,354302,9786,30434,2021-11-10T15:00:13Z
NiziU(니쥬) 1st Album 「Chopstick」 MV,12575996,354444,9799,30451,2021-11-10T15:00:13Z
NiziU(니쥬) 1st Album 「Chopstick」 MV,12589655,354560,9804,30474,2021-11-10T15:00:13Z
NiziU(니쥬) 1st Album 「Chopstick」 MV,12608045,354630,9808,30480,2021-11-10T15:00:13Z
NiziU(니쥬) 1st Album 「Chopstick」 MV,12632509,354817,9822,30516,2021-11-10T15:00:13Z
NiziU(니쥬) 1st Album 「Chopstick」 MV,12653628,354967,9826,30544,2021-11-10T15:00:13Z
NiziU(니쥬) 1st Album 「Chopstick」 MV,12664000,355058,9830,30555,2021-11-10T15:00:13Z
NiziU(니쥬) 1st Album 「Chopstick」 MV,12674205,355178,9833,30561,2021-11-10T15:00:13Z
NiziU(니쥬) 1st Album 「Chopstick」 MV,12687034,355236,9833,30566,2021-11-10T15:00:13Z
NiziU(니쥬) 1st Album 「Chopstick」 MV,12696098,355320,9831,30578,2021-11-10T15:00:13Z
NiziU(니쥬) 1st Album 「Chopstick」 MV,12723999,355454,9843,30587,2021-11-10T15:00:13Z
NiziU(니쥬) 1st Album 「Chopstick」 MV,12742013,355600,9848,30606,2021-11-10T15:00:13Z
NiziU(니쥬) 1st Album 「Chopstick」 MV,12757587,355707,9851,30608,2021-11-10T15:00:13Z
NiziU(니쥬) 1st Album 「Chopstick」 MV,12775108,355853,9857,30647,2021-11-10T15:00:13Z
NiziU(니쥬) 1st Album 「Chopstick」 MV,12785717,355940,9861,30655,2021-11-10T15:00:13Z
NiziU(니쥬) 1st Album 「Chopstick」 MV,12794744,356016,9865,30664,2021-11-10T15:00:13Z
NiziU(니쥬) 1st Album 「Chopstick」 MV,12810954,356122,9867,30682,2021-11-10T15:00:13Z
NiziU(니쥬) 1st Album 「Chopstick」 MV,12839739,356328,9876,30701,2021-11-10T15:00:13Z
NiziU(니쥬) 1st Album 「Chopstick」 MV,12857006,356471,9883,30717,2021-11-10T15:00:13Z
NiziU(니쥬) 1st Album 「Chopstick」 MV,12872654,356562,9886,30724,2021-11-10T15:00:13Z
NiziU(니쥬) 1st Album 「Chopstick」 MV,12905636,356786,9893,30753,2021-11-10T15:00:13Z
NiziU(니쥬) 1st Album 「Chopstick」 MV,12932713,356922,9905,30793,2021-11-10T15:00:13Z
NiziU(니쥬) 1st Album 「Chopstick」 MV,12965297,357018,9910,30818,2021-11-10T15:00:13Z
NiziU(니쥬) 1st Album 「Chopstick」 MV,13001709,357223,9921,30868,2021-11-10T15:00:13Z
NiziU(니쥬) 1st Album 「Chopstick」 MV,13028276,357363,9925,30933,2021-11-10T15:00:13Z
NiziU(니쥬) 1st Album 「Chopstick」 MV,13034387,357469,9929,30947,2021-11-10T15:00:13Z
NiziU(니쥬) 1st Album 「Chopstick」 MV,13054670,357661,9939,30989,2021-11-10T15:00:13Z
NiziU(니쥬) 1st Album 「Chopstick」 MV,13072538,357820,9944,31021,2021-11-10T15:00:13Z
NiziU(니쥬) 1st Album 「Chopstick」 MV,13096891,357935,9948,31040,2021-11-10T15:00:13Z
NiziU(니쥬) 1st Album 「Chopstick」 MV,13097350,358070,9956,31078,2021-11-10T15:00:13Z
NiziU(니쥬) 1st Album 「Chopstick」 MV,13118348,358392,9977,31147,2021-11-10T15:00:13Z
NiziU(니쥬) 1st Album 「Chopstick」 MV,13160184,358759,9989,31190,2021-11-10T15:00:13Z
NiziU(니쥬) 1st Album 「Chopstick」 MV,13201809,359108,10005,31296,2021-11-10T15:00:13Z
NiziU(니쥬) 1st Album 「Chopstick」 MV,13227683,359278,10007,31324,2021-11-10T15:00:13Z
NiziU(니쥬) 1st Album 「Chopstick」 MV,13253856,359398,10015,31351,2021-11-10T15:00:13Z
NiziU(니쥬) 1st Album 「Chopstick」 MV,13297672,359662,10025,31395,2021-11-10T15:00:13Z
NiziU(니쥬) 1st Album 「Chopstick」 MV,13319207,359789,10031,31419,2021-11-10T15:00:13Z
NiziU(니쥬) 1st Album 「Chopstick」 MV,13334258,359890,10035,31432,2021-11-10T15:00:13Z
NiziU(니쥬) 1st Album 「Chopstick」 MV,13359075,359991,10039,31449,2021-11-10T15:00:13Z
NiziU(니쥬) 1st Album 「Chopstick」 MV,13377484,360184,10033,31479,2021-11-10T15:00:13Z
NiziU(니쥬) 1st Album 「Chopstick」 MV,13407585,360318,10037,31489,2021-11-10T15:00:13Z
NiziU(니쥬) 1st Album 「Chopstick」 MV,13425642,360391,10038,31499,2021-11-10T15:00:13Z
NiziU(니쥬) 1st Album 「Chopstick」 MV,13467757,360612,10051,31562,2021-11-10T15:00:13Z
NiziU(니쥬) 1st Album 「Chopstick」 MV,13500234,360728,10051,31574,2021-11-10T15:00:13Z
NiziU(니쥬) 1st Album 「Chopstick」 MV,13524477,360835,10049,31586,2021-11-10T15:00:13Z
NiziU(니쥬) 1st Album 「Chopstick」 MV,13532282,360878,10051,31591,2021-11-10T15:00:13Z
NiziU(니쥬) 1st Album 「Chopstick」 MV,13543629,360928,10057,31593,2021-11-10T15:00:13Z
NiziU(니쥬) 1st Album 「Chopstick」 MV,13563180,361007,10057,31590,2021-11-10T15:00:13Z
NiziU(니쥬) 1st Album 「Chopstick」 MV,13573620,361059,10058,31599,2021-11-10T15:00:13Z
NiziU(니쥬) 1st Album 「Chopstick」 MV,13581424,361082,10060,31603,2021-11-10T15:00:13Z
NiziU(니쥬) 1st Album 「Chopstick」 MV,13589720,361134,10064,31613,2021-11-10T15:00:13Z
NiziU(니쥬) 1st Album 「Chopstick」 MV,13594283,361156,10066,31615,2021-11-10T15:00:13Z
NiziU(니쥬) 1st Album 「Chopstick」 MV,13597056,361176,10065,31614,2021-11-10T15:00:13Z
NiziU(니쥬) 1st Album 「Chopstick」 MV,13600026,361191,10068,31614,2021-11-10T15:00:13Z
NiziU(니쥬) 1st Album 「Chopstick」 MV,13608243,361242,10067,31616,2021-11-10T15:00:13Z
NiziU(니쥬) 1st Album 「Chopstick」 MV,13612165,361270,10067,31626,2021-11-10T15:00:13Z
NiziU(니쥬) 1st Album 「Chopstick」 MV,13615761,361300,10068,31626,2021-11-10T15:00:13Z
NiziU(니쥬) 1st Album 「Chopstick」 MV,13618545,361335,10072,31628,2021-11-10T15:00:13Z
NiziU(니쥬) 1st Album 「Chopstick」 MV,13621091,361373,10071,31634,2021-11-10T15:00:13Z
NiziU(니쥬) 1st Album 「Chopstick」 MV,13623843,361410,10072,31644,2021-11-10T15:00:13Z
NiziU(니쥬) 1st Album 「Chopstick」 MV,13627597,361460,10075,31643,2021-11-10T15:00:13Z
NiziU(니쥬) 1st Album 「Chopstick」 MV,13632406,361536,10081,31670,2021-11-10T15:00:13Z
NiziU(니쥬) 1st Album 「Chopstick」 MV,13637000,361608,10085,31694,2021-11-10T15:00:13Z
NiziU(니쥬) 1st Album 「Chopstick」 MV,13639948,361655,10086,31701,2021-11-10T15:00:13Z
NiziU(니쥬) 1st Album 「Chopstick」 MV,13644234,361712,10090,31719,2021-11-10T15:00:13Z
NiziU(니쥬) 1st Album 「Chopstick」 MV,13652785,361825,10097,31737,2021-11-10T15:00:13Z
NiziU(니쥬) 1st Album 「Chopstick」 MV,13660379,361897,10098,31747,2021-11-10T15:00:13Z
NiziU(니쥬) 1st Album 「Chopstick」 MV,13666280,361945,10101,31758,2021-11-10T15:00:13Z
NiziU(니쥬) 1st Album 「Chopstick」 MV,13701345,362148,10118,31807,2021-11-10T15:00:13Z
NiziU(니쥬) 1st Album 「Chopstick」 MV,13740502,362381,10127,31832,2021-11-10T15:00:13Z
NiziU(니쥬) 1st Album 「Chopstick」 MV,13760969,362498,10130,31873,2021-11-10T15:00:13Z
NiziU(니쥬) 1st Album 「Chopstick」 MV,13787516,362619,10135,31870,2021-11-10T15:00:13Z
NiziU(니쥬) 1st Album 「Chopstick」 MV,13794196,362678,10138,31889,2021-11-10T15:00:13Z
NiziU(니쥬) 1st Album 「Chopstick」 MV,13812743,362789,10143,31906,2021-11-10T15:00:13Z
NiziU(니쥬) 1st Album 「Chopstick」 MV,13824822,362874,10145,31920,2021-11-10T15:00:13Z
NiziU(니쥬) 1st Album 「Chopstick」 MV,13835537,362939,10147,31933,2021-11-10T15:00:13Z
NiziU(니쥬) 1st Album 「Chopstick」 MV,13872084,363176,10154,31977,2021-11-10T15:00:13Z
NiziU(니쥬) 1st Album 「Chopstick」 MV,13878983,363252,10157,31989,2021-11-10T15:00:13Z
NiziU(니쥬) 1st Album 「Chopstick」 MV,13908861,363417,10170,32007,2021-11-10T15:00:13Z
NiziU(니쥬) 1st Album 「Chopstick」 MV,13928608,363522,10174,32021,2021-11-10T15:00:13Z
NiziU(니쥬) 1st Album 「Chopstick」 MV,13961542,363692,10185,32049,2021-11-10T15:00:13Z
NiziU(니쥬) 1st Album 「Chopstick」 MV,13977814,363799,10185,32063,2021-11-10T15:00:13Z
NiziU(니쥬) 1st Album 「Chopstick」 MV,14829989,368958,10332,33006,2021-11-10T15:00:13Z
NiziU(니쥬) 1st Album 「Chopstick」 MV,14831553,368972,10333,33009,2021-11-10T15:00:13Z
NiziU(니쥬) 1st Album 「Chopstick」 MV,14833295,368991,10334,33016,2021-11-10T15:00:13Z
NiziU(니쥬) 1st Album 「Chopstick」 MV,14837384,369032,10335,33012,2021-11-10T15:00:13Z
NiziU(니쥬) 1st Album 「Chopstick」 MV,14846089,369081,10341,33020,2021-11-10T15:00:13Z
NiziU(니쥬) 1st Album 「Chopstick」 MV,14851748,369112,10342,33027,2021-11-10T15:00:13Z
NiziU(니쥬) 1st Album 「Chopstick」 MV,14855443,369140,10342,33028,2021-11-10T15:00:13Z
NiziU(니쥬) 1st Album 「Chopstick」 MV,14858677,369166,10343,33037,2021-11-10T15:00:13Z
NiziU(니쥬) 1st Album 「Chopstick」 MV,14861816,369187,10346,33037,2021-11-10T15:00:13Z
NiziU(니쥬) 1st Album 「Chopstick」 MV,14865186,369199,10344,33040,2021-11-10T15:00:13Z
NiziU(니쥬) 1st Album 「Chopstick」 MV,14908046,369339,10349,33068,2021-11-10T15:00:13Z
NiziU(니쥬) 1st Album 「Chopstick」 MV,14961629,369523,10356,33100,2021-11-10T15:00:13Z
NiziU(니쥬) 1st Album 「Chopstick」 MV,14990536,369632,10359,33120,2021-11-10T15:00:13Z
NiziU(니쥬) 1st Album 「Chopstick」 MV,15015208,369706,10360,33161,2021-11-10T15:00:13Z
NiziU(니쥬) 1st Album 「Chopstick」 MV,15024439,369743,10360,33171,2021-11-10T15:00:13Z
NiziU(니쥬) 1st Album 「Chopstick」 MV,15028922,369765,10360,33176,2021-11-10T15:00:13Z
NiziU(니쥬) 1st Album 「Chopstick」 MV,15039130,369799,10361,33190,2021-11-10T15:00:13Z
NiziU(니쥬) 1st Album 「Chopstick」 MV,15048491,369847,10365,33212,2021-11-10T15:00:13Z
NiziU(니쥬) 1st Album 「Chopstick」 MV,15054619,369883,10366,33223,2021-11-10T15:00:13Z
NiziU(니쥬) 1st Album 「Chopstick」 MV,15058446,369899,10366,33230,2021-11-10T15:00:13Z
NiziU(니쥬) 1st Album 「Chopstick」 MV,15062101,369907,10366,33230,2021-11-10T15:00:13Z
NiziU(니쥬) 1st Album 「Chopstick」 MV,15066948,369929,10367,33231,2021-11-10T15:00:13Z
NiziU(니쥬) 1st Album 「Chopstick」 MV,15076211,369971,10371,33241,2021-11-10T15:00:13Z
NiziU(니쥬) 1st Album 「Chopstick」 MV,15089717,370064,10381,33275,2021-11-10T15:00:13Z
NiziU(니쥬) 1st Album 「Chopstick」 MV,15100853,370106,10382,33288,2021-11-10T15:00:13Z
NiziU(니쥬) 1st Album 「Chopstick」 MV,15108211,370127,10383,33288,2021-11-10T15:00:13Z
NiziU(니쥬) 1st Album 「Chopstick」 MV,15114520,370178,10387,33301,2021-11-10T15:00:13Z
NiziU(니쥬) 1st Album 「Chopstick」 MV,15120708,370210,10388,33307,2021-11-10T15:00:13Z
NiziU(니쥬) 1st Album 「Chopstick」 MV,15124743,370234,10387,33312,2021-11-10T15:00:13Z
NiziU(니쥬) 1st Album 「Chopstick」 MV,15128383,370253,10388,33312,2021-11-10T15:00:13Z
NiziU(니쥬) 1st Album 「Chopstick」 MV,15134293,370279,10387,33319,2021-11-10T15:00:13Z
NiziU(니쥬) 1st Album 「Chopstick」 MV,15141735,370304,10388,33320,2021-11-10T15:00:13Z
NiziU(니쥬) 1st Album 「Chopstick」 MV,15146012,370324,10391,33325,2021-11-10T15:00:13Z
NiziU(니쥬) 1st Album 「Chopstick」 MV,15149644,370369,10391,33333,2021-11-10T15:00:13Z
NiziU(니쥬) 1st Album 「Chopstick」 MV,15166906,370444,10398,33357,2021-11-10T15:00:13Z
NiziU(니쥬) 1st Album 「Chopstick」 MV,15177435,370490,10403,33368,2021-11-10T15:00:13Z
NiziU(니쥬) 1st Album 「Chopstick」 MV,15183828,370521,10403,33373,2021-11-10T15:00:13Z
NiziU(니쥬) 1st Album 「Chopstick」 MV,15186641,370545,10403,33377,2021-11-10T15:00:13Z
NiziU(니쥬) 1st Album 「Chopstick」 MV,15191631,370614,10403,33397,2021-11-10T15:00:13Z
NiziU(니쥬) 1st Album 「Chopstick」 MV,15195157,370661,10408,33401,2021-11-10T15:00:13Z
NiziU(니쥬) 1st Album 「Chopstick」 MV,15203375,370693,10410,33415,2021-11-10T15:00:13Z
NiziU(니쥬) 1st Album 「Chopstick」 MV,15206461,370723,10414,33415,2021-11-10T15:00:13Z
NiziU(니쥬) 1st Album 「Chopstick」 MV,15209902,370758,10416,33420,2021-11-10T15:00:13Z
NiziU(니쥬) 1st Album 「Chopstick」 MV,15213469,370789,10416,33424,2021-11-10T15:00:13Z
NiziU(니쥬) 1st Album 「Chopstick」 MV,15216998,370814,10418,33432,2021-11-10T15:00:13Z
NiziU(니쥬) 1st Album 「Chopstick」 MV,15225791,370880,10425,33453,2021-11-10T15:00:13Z
NiziU(니쥬) 1st Album 「Chopstick」 MV,15237443,370968,10433,33468,2021-11-10T15:00:13Z
NiziU(니쥬) 1st Album 「Chopstick」 MV,15244265,371029,10440,33486,2021-11-10T15:00:13Z
NiziU(니쥬) 1st Album 「Chopstick」 MV,15252320,371061,10444,33491,2021-11-10T15:00:13Z
NiziU(니쥬) 1st Album 「Chopstick」 MV,15256417,371095,10444,33486,2021-11-10T15:00:13Z
NiziU(니쥬) 1st Album 「Chopstick」 MV,15264662,371157,10446,33506,2021-11-10T15:00:13Z
NiziU(니쥬) 1st Album 「Chopstick」 MV,15278322,371254,10451,33522,2021-11-10T15:00:13Z
NiziU(니쥬) 1st Album 「Chopstick」 MV,15297685,371320,10455,33528,2021-11-10T15:00:13Z
NiziU(니쥬) 1st Album 「Chopstick」 MV,15303717,371375,10457,33544,2021-11-10T15:00:13Z
NiziU(니쥬) 1st Album 「Chopstick」 MV,15318405,371400,10459,33544,2021-11-10T15:00:13Z
NiziU(니쥬) 1st Album 「Chopstick」 MV,15328759,371422,10461,33545,2021-11-10T15:00:13Z
NiziU(니쥬) 1st Album 「Chopstick」 MV,15336876,371459,10465,33562,2021-11-10T15:00:13Z
NiziU(니쥬) 1st Album 「Chopstick」 MV,15365232,371592,10465,33613,2021-11-10T15:00:13Z
NiziU(니쥬) 1st Album 「Chopstick」 MV,15387142,371658,10470,33634,2021-11-10T15:00:13Z
NiziU(니쥬) 1st Album 「Chopstick」 MV,15390163,371705,10473,33642,2021-11-10T15:00:13Z
NiziU(니쥬) 1st Album 「Chopstick」 MV,15390396,371746,10474,33656,2021-11-10T15:00:13Z
NiziU(니쥬) 1st Album 「Chopstick」 MV,15391147,371762,10475,33666,2021-11-10T15:00:13Z
NiziU(니쥬) 1st Album 「Chopstick」 MV,15396320,371818,10478,33680,2021-11-10T15:00:13Z
NiziU(니쥬) 1st Album 「Chopstick」 MV,15408884,371893,10482,33697,2021-11-10T15:00:13Z
NiziU(니쥬) 1st Album 「Chopstick」 MV,15413363,371954,10483,33713,2021-11-10T15:00:13Z
NiziU(니쥬) 1st Album 「Chopstick」 MV,15429258,372001,10483,33726,2021-11-10T15:00:13Z
NiziU(니쥬) 1st Album 「Chopstick」 MV,15434222,372045,10487,33737,2021-11-10T15:00:13Z
NiziU(니쥬) 1st Album 「Chopstick」 MV,15442335,372085,10488,33742,2021-11-10T15:00:13Z
NiziU(니쥬) 1st Album 「Chopstick」 MV,15447707,372117,10489,33750,2021-11-10T15:00:13Z
NiziU(니쥬) 1st Album 「Chopstick」 MV,15450794,372158,10492,33764,2021-11-10T15:00:13Z
NiziU(니쥬) 1st Album 「Chopstick」 MV,15461737,372418,10501,33853,2021-11-10T15:00:13Z
NiziU(니쥬) 1st Album 「Chopstick」 MV,15486111,372805,10524,33983,2021-11-10T15:00:13Z
NiziU(니쥬) 1st Album 「Chopstick」 MV,15508433,372974,10533,34054,2021-11-10T15:00:13Z
NiziU(니쥬) 1st Album 「Chopstick」 MV,15528812,373186,10536,34096,2021-11-10T15:00:13Z
NiziU(니쥬) 1st Album 「Chopstick」 MV,15541166,373273,10539,34116,2021-11-10T15:00:13Z
NiziU(니쥬) 1st Album 「Chopstick」 MV,15549202,373317,10541,34124,2021-11-10T15:00:13Z
NiziU(니쥬) 1st Album 「Chopstick」 MV,15562944,373367,10542,34128,2021-11-10T15:00:13Z
NiziU(니쥬) 1st Album 「Chopstick」 MV,15570535,373415,10544,34137,2021-11-10T15:00:13Z
NiziU(니쥬) 1st Album 「Chopstick」 MV,15577357,373473,10543,34142,2021-11-10T15:00:13Z
NiziU(니쥬) 1st Album 「Chopstick」 MV,15602152,373603,10545,34182,2021-11-10T15:00:13Z
NiziU(니쥬) 1st Album 「Chopstick」 MV,15613271,373672,10548,34196,2021-11-10T15:00:13Z
NiziU(니쥬) 1st Album 「Chopstick」 MV,15617850,373717,10547,34204,2021-11-10T15:00:13Z
NiziU(니쥬) 1st Album 「Chopstick」 MV,15605407,373758,10546,34214,2021-11-10T15:00:13Z
NiziU(니쥬) 1st Album 「Chopstick」 MV,15611849,373788,10545,34216,2021-11-10T15:00:13Z
NiziU(니쥬) 1st Album 「Chopstick」 MV,15617800,373829,10546,34223,2021-11-10T15:00:13Z
NiziU(니쥬) 1st Album 「Chopstick」 MV,15630336,373864,10546,34242,2021-11-10T15:00:13Z
NiziU(니쥬) 1st Album 「Chopstick」 MV,15647555,373937,10547,34261,2021-11-10T15:00:13Z
NiziU(니쥬) 1st Album 「Chopstick」 MV,15663698,374031,10547,34259,2021-11-10T15:00:13Z
NiziU(니쥬) 1st Album 「Chopstick」 MV,15677589,374088,10548,34265,2021-11-10T15:00:13Z
NiziU(니쥬) 1st Album 「Chopstick」 MV,15684897,374125,10547,34286,2021-11-10T15:00:13Z
NiziU(니쥬) 1st Album 「Chopstick」 MV,15690441,374150,10548,34274,2021-11-10T15:00:13Z
NiziU(니쥬) 1st Album 「Chopstick」 MV,15712969,374210,10548,34306,2021-11-10T15:00:13Z
NiziU(니쥬) 1st Album 「Chopstick」 MV,15743074,374313,10549,34315,2021-11-10T15:00:13Z
NiziU(니쥬) 1st Album 「Chopstick」 MV,15743779,374349,10549,34338,2021-11-10T15:00:13Z
NiziU(니쥬) 1st Album 「Chopstick」 MV,15756426,374394,10549,34336,2021-11-10T15:00:13Z
NiziU(니쥬) 1st Album 「Chopstick」 MV,15764163,374427,10548,34344,2021-11-10T15:00:13Z
NiziU(니쥬) 1st Album 「Chopstick」 MV,15766913,374443,10550,34360,2021-11-10T15:00:13Z
NiziU(니쥬) 1st Album 「Chopstick」 MV,15768479,374451,10550,34360,2021-11-10T15:00:13Z
NiziU(니쥬) 1st Album 「Chopstick」 MV,15771851,374463,10551,34356,2021-11-10T15:00:13Z
NiziU(니쥬) 1st Album 「Chopstick」 MV,15774914,374468,10555,34361,2021-11-10T15:00:13Z
NiziU(니쥬) 1st Album 「Chopstick」 MV,15783730,374494,10559,34361,2021-11-10T15:00:13Z
NiziU(니쥬) 1st Album 「Chopstick」 MV,15792159,374523,10562,34377,2021-11-10T15:00:13Z
NiziU(니쥬) 1st Album 「Chopstick」 MV,15796058,374543,10562,34381,2021-11-10T15:00:13Z
NiziU(니쥬) 1st Album 「Chopstick」 MV,15798639,374552,10563,34370,2021-11-10T15:00:13Z
NiziU(니쥬) 1st Album 「Chopstick」 MV,15800251,374565,10564,34371,2021-11-10T15:00:13Z
NiziU(니쥬) 1st Album 「Chopstick」 MV,15802043,374574,10564,34371,2021-11-10T15:00:13Z
NiziU(니쥬) 1st Album 「Chopstick」 MV,15804389,374580,10565,34380,2021-11-10T15:00:13Z
NiziU(니쥬) 1st Album 「Chopstick」 MV,15813132,374621,10566,34396,2021-11-10T15:00:13Z
NiziU(니쥬) 1st Album 「Chopstick」 MV,15814471,374631,10566,34378,2021-11-10T15:00:13Z
NiziU(니쥬) 1st Album 「Chopstick」 MV,15816190,374640,10566,34389,2021-11-10T15:00:13Z
NiziU(니쥬) 1st Album 「Chopstick」 MV,15816904,374646,10566,34389,2021-11-10T15:00:13Z
NiziU(니쥬) 1st Album 「Chopstick」 MV,15818852,374654,10567,34375,2021-11-10T15:00:13Z
NiziU(니쥬) 1st Album 「Chopstick」 MV,15819310,374664,10567,34375,2021-11-10T15:00:13Z
NiziU(니쥬) 1st Album 「Chopstick」 MV,15819766,374671,10567,34389,2021-11-10T15:00:13Z
NiziU(니쥬) 1st Album 「Chopstick」 MV,15819987,374684,10567,34389,2021-11-10T15:00:13Z
NiziU(니쥬) 1st Album 「Chopstick」 MV,15820000,374711,10570,34394,2021-11-10T15:00:13Z
NiziU(니쥬) 1st Album 「Chopstick」 MV,15820004,374726,10570,34394,2021-11-10T15:00:13Z
NiziU(니쥬) 1st Album 「Chopstick」 MV,15820005,374743,10572,34387,2021-11-10T15:00:13Z
NiziU(니쥬) 1st Album 「Chopstick」 MV,15820007,374743,10572,34387,2021-11-10T15:00:13Z
NiziU(니쥬) 1st Album 「Chopstick」 MV,15820022,374746,10573,34395,2021-11-10T15:00:13Z
NiziU(니쥬) 1st Album 「Chopstick」 MV,15820187,374756,10574,34389,2021-11-10T15:00:13Z
NiziU(니쥬) 1st Album 「Chopstick」 MV,15829601,374789,10575,34402,2021-11-10T15:00:13Z
NiziU(니쥬) 1st Album 「Chopstick」 MV,15834957,374813,10573,34394,2021-11-10T15:00:13Z
NiziU(니쥬) 1st Album 「Chopstick」 MV,15835225,374831,10573,34399,2021-11-10T15:00:13Z
NiziU(니쥬) 1st Album 「Chopstick」 MV,15835475,374853,10572,34401,2021-11-10T15:00:13Z
NiziU(니쥬) 1st Album 「Chopstick」 MV,15836056,374866,10573,34403,2021-11-10T15:00:13Z
NiziU(니쥬) 1st Album 「Chopstick」 MV,15837074,374878,10573,34445,2021-11-10T15:00:13Z
NiziU(니쥬) 1st Album 「Chopstick」 MV,15838925,374897,10575,34446,2021-11-10T15:00:13Z
NiziU(니쥬) 1st Album 「Chopstick」 MV,15844652,374948,10579,34458,2021-11-10T15:00:13Z
NiziU(니쥬) 1st Album 「Chopstick」 MV,15851092,375006,10581,34471,2021-11-10T15:00:13Z
NiziU(니쥬) 1st Album 「Chopstick」 MV,15854656,375032,10582,34476,2021-11-10T15:00:13Z
NiziU(니쥬) 1st Album 「Chopstick」 MV,15857981,375060,10586,34475,2021-11-10T15:00:13Z
NiziU(니쥬) 1st Album 「Chopstick」 MV,15858650,375078,10587,34480,2021-11-10T15:00:13Z
NiziU(니쥬) 1st Album 「Chopstick」 MV,15863456,375113,10587,34486,2021-11-10T15:00:13Z
NiziU(니쥬) 1st Album 「Chopstick」 MV,15865891,375145,10587,34492,2021-11-10T15:00:13Z
NiziU(니쥬) 1st Album 「Chopstick」 MV,15876525,375221,10590,34508,2021-11-10T15:00:13Z
NiziU(니쥬) 1st Album 「Chopstick」 MV,15882236,375255,10592,34519,2021-11-10T15:00:13Z
NiziU(니쥬) 1st Album 「Chopstick」 MV,15890406,375281,10596,34522,2021-11-10T15:00:13Z
NiziU(니쥬) 1st Album 「Chopstick」 MV,15893429,375306,10600,34525,2021-11-10T15:00:13Z
NiziU(니쥬) 1st Album 「Chopstick」 MV,15895639,375324,10599,34527,2021-11-10T15:00:13Z
NiziU(니쥬) 1st Album 「Chopstick」 MV,15896872,375337,10599,34527,2021-11-10T15:00:13Z
NiziU(니쥬) 1st Album 「Chopstick」 MV,15909509,375473,10605,34551,2021-11-10T15:00:13Z
NiziU(니쥬) 1st Album 「Chopstick」 MV,15960112,375691,10615,34593,2021-11-10T15:00:13Z
NiziU(니쥬) 1st Album 「Chopstick」 MV,15987462,375817,10617,34619,2021-11-10T15:00:13Z
NiziU(니쥬) 1st Album 「Chopstick」 MV,16000945,375915,10621,34661,2021-11-10T15:00:13Z
NiziU(니쥬) 1st Album 「Chopstick」 MV,16008001,375961,10621,34677,2021-11-10T15:00:13Z
NiziU(니쥬) 1st Album 「Chopstick」 MV,16026293,376022,10624,34704,2021-11-10T15:00:13Z
NiziU(니쥬) 1st Album 「Chopstick」 MV,16036775,376087,10627,34720,2021-11-10T15:00:13Z
NiziU(니쥬) 1st Album 「Chopstick」 MV,16042912,376115,10628,34731,2021-11-10T15:00:13Z
NiziU(니쥬) 1st Album 「Chopstick」 MV,16049766,376148,10628,34741,2021-11-10T15:00:13Z
NiziU(니쥬) 1st Album 「Chopstick」 MV,16053509,376169,10628,34722,2021-11-10T15:00:13Z
NiziU(니쥬) 1st Album 「Chopstick」 MV,16058408,376194,10629,34726,2021-11-10T15:00:13Z
NiziU(니쥬) 1st Album 「Chopstick」 MV,16101719,376392,10641,34766,2021-11-10T15:00:13Z
NiziU(니쥬) 1st Album 「Chopstick」 MV,16110966,376406,10644,34757,2021-11-10T15:00:13Z
NiziU(니쥬) 1st Album 「Chopstick」 MV,16121565,376465,10650,34770,2021-11-10T15:00:13Z
NiziU(니쥬) 1st Album 「Chopstick」 MV,16134335,376506,10652,34793,2021-11-10T15:00:13Z
NiziU(니쥬) 1st Album 「Chopstick」 MV,16135308,376527,10654,34795,2021-11-10T15:00:13Z
NiziU(니쥬) 1st Album 「Chopstick」 MV,16150326,376555,10656,34805,2021-11-10T15:00:13Z
NiziU(니쥬) 1st Album 「Chopstick」 MV,16200798,376804,10669,34834,2021-11-10T15:00:13Z
NiziU(니쥬) 1st Album 「Chopstick」 MV,16235702,376995,10679,34859,2021-11-10T15:00:13Z
NiziU(니쥬) 1st Album 「Chopstick」 MV,16244650,377046,10683,34857,2021-11-10T15:00:13Z
NiziU(니쥬) 1st Album 「Chopstick」 MV,16258698,377141,10687,34875,2021-11-10T15:00:13Z
NiziU(니쥬) 1st Album 「Chopstick」 MV,16278086,377253,10694,34897,2021-11-10T15:00:13Z
NiziU(니쥬) 1st Album 「Chopstick」 MV,16286711,377289,10697,34903,2021-11-10T15:00:13Z
NiziU(니쥬) 1st Album 「Chopstick」 MV,16291252,377317,10699,34909,2021-11-10T15:00:13Z
NiziU(니쥬) 1st Album 「Chopstick」 MV,16295243,377343,10701,34908,2021-11-10T15:00:13Z
NiziU(니쥬) 1st Album 「Chopstick」 MV,16304400,377408,10706,34919,2021-11-10T15:00:13Z
NiziU(니쥬) 1st Album 「Chopstick」 MV,16328837,377519,10714,34927,2021-11-10T15:00:13Z
NiziU(니쥬) 1st Album 「Chopstick」 MV,16348451,377577,10716,34940,2021-11-10T15:00:13Z
NiziU(니쥬) 1st Album 「Chopstick」 MV,16366349,377633,10721,34947,2021-11-10T15:00:13Z
NiziU(니쥬) 1st Album 「Chopstick」 MV,16375424,377663,10722,34952,2021-11-10T15:00:13Z
NiziU(니쥬) 1st Album 「Chopstick」 MV,16383799,377694,10724,34956,2021-11-10T15:00:13Z
NiziU(니쥬) 1st Album 「Chopstick」 MV,16390167,377744,10727,34963,2021-11-10T15:00:13Z
NiziU(니쥬) 1st Album 「Chopstick」 MV,16422227,377876,10733,34982,2021-11-10T15:00:13Z
NiziU(니쥬) 1st Album 「Chopstick」 MV,16433741,377950,10736,34983,2021-11-10T15:00:13Z
NiziU(니쥬) 1st Album 「Chopstick」 MV,16442318,377994,10737,34994,2021-11-10T15:00:13Z
NiziU(니쥬) 1st Album 「Chopstick」 MV,16446052,378017,10741,34997,2021-11-10T15:00:13Z
NiziU(니쥬) 1st Album 「Chopstick」 MV,16450061,378054,10741,35007,2021-11-10T15:00:13Z
NiziU(니쥬) 1st Album 「Chopstick」 MV,16458642,378120,10742,35016,2021-11-10T15:00:13Z
NiziU(니쥬) 1st Album 「Chopstick」 MV,16468471,378202,10746,35031,2021-11-10T15:00:13Z
NiziU(니쥬) 1st Album 「Chopstick」 MV,16472480,378261,10747,35036,2021-11-10T15:00:13Z
NiziU(니쥬) 1st Album 「Chopstick」 MV,16481261,378320,10751,35047,2021-11-10T15:00:13Z
NiziU(니쥬) 1st Album 「Chopstick」 MV,16487973,378359,10754,35052,2021-11-10T15:00:13Z
NiziU(니쥬) 1st Album 「Chopstick」 MV,16492209,378399,10758,35054,2021-11-10T15:00:13Z
NiziU(니쥬) 1st Album 「Chopstick」 MV,16498382,378439,10761,35070,2021-11-10T15:00:13Z
NiziU(니쥬) 1st Album 「Chopstick」 MV,16502966,378477,10761,35071,2021-11-10T15:00:13Z
NiziU(니쥬) 1st Album 「Chopstick」 MV,16519867,378612,10768,35093,2021-11-10T15:00:13Z
NiziU(니쥬) 1st Album 「Chopstick」 MV,16543546,378900,10770,35148,2021-11-10T15:00:13Z
NiziU(니쥬) 1st Album 「Chopstick」 MV,16571756,379055,10776,35166,2021-11-10T15:00:13Z
NiziU(니쥬) 1st Album 「Chopstick」 MV,16591731,379215,10781,35186,2021-11-10T15:00:13Z
NiziU(니쥬) 1st Album 「Chopstick」 MV,16603152,379289,10780,35205,2021-11-10T15:00:13Z
NiziU(니쥬) 1st Album 「Chopstick」 MV,16608243,379336,10781,35218,2021-11-10T15:00:13Z
NiziU(니쥬) 1st Album 「Chopstick」 MV,16613990,379381,10783,35234,2021-11-10T15:00:13Z
NiziU(니쥬) 1st Album 「Chopstick」 MV,16619400,379427,10784,35242,2021-11-10T15:00:13Z
NiziU(니쥬) 1st Album 「Chopstick」 MV,16627482,379492,10788,35256,2021-11-10T15:00:13Z
NiziU(니쥬) 1st Album 「Chopstick」 MV,16639885,379588,10794,35275,2021-11-10T15:00:13Z
NiziU(니쥬) 1st Album 「Chopstick」 MV,16649262,379637,10796,35281,2021-11-10T15:00:13Z
NiziU(니쥬) 1st Album 「Chopstick」 MV,16652372,379693,10796,35289,2021-11-10T15:00:13Z
NiziU(니쥬) 1st Album 「Chopstick」 MV,16656534,379720,10800,35292,2021-11-10T15:00:13Z
NiziU(니쥬) 1st Album 「Chopstick」 MV,16661192,379765,10800,35300,2021-11-10T15:00:13Z
NiziU(니쥬) 1st Album 「Chopstick」 MV,16670480,379806,10801,35308,2021-11-10T15:00:13Z
NiziU(니쥬) 1st Album 「Chopstick」 MV,16675778,379840,10803,35317,2021-11-10T15:00:13Z
NiziU(니쥬) 1st Album 「Chopstick」 MV,16693608,379957,10793,35333,2021-11-10T15:00:13Z
NiziU(니쥬) 1st Album 「Chopstick」 MV,16703327,380054,10792,35345,2021-11-10T15:00:13Z
NiziU(니쥬) 1st Album 「Chopstick」 MV,16716180,380122,10795,35356,2021-11-10T15:00:13Z
NiziU(니쥬) 1st Album 「Chopstick」 MV,16722313,380157,10795,35359,2021-11-10T15:00:13Z
NiziU(니쥬) 1st Album 「Chopstick」 MV,16732176,380179,10795,35361,2021-11-10T15:00:13Z
NiziU(니쥬) 1st Album 「Chopstick」 MV,16758859,380240,10798,35372,2021-11-10T15:00:13Z
NiziU(니쥬) 1st Album 「Chopstick」 MV,16786531,380339,10801,35404,2021-11-10T15:00:13Z
NiziU(니쥬) 1st Album 「Chopstick」 MV,16804280,380393,10803,35405,2021-11-10T15:00:13Z
NiziU(니쥬) 1st Album 「Chopstick」 MV,16810742,380441,10807,35410,2021-11-10T15:00:13Z
NiziU(니쥬) 1st Album 「Chopstick」 MV,16822692,380465,10808,35410,2021-11-10T15:00:13Z
NiziU(니쥬) 1st Album 「Chopstick」 MV,16825754,380476,10809,35415,2021-11-10T15:00:13Z
NiziU(니쥬) 1st Album 「Chopstick」 MV,16829210,380491,10810,35416,2021-11-10T15:00:13Z
NiziU(니쥬) 1st Album 「Chopstick」 MV,16832779,380507,10808,35417,2021-11-10T15:00:13Z
NiziU(니쥬) 1st Album 「Chopstick」 MV,16842620,380532,10809,35420,2021-11-10T15:00:13Z
NiziU(니쥬) 1st Album 「Chopstick」 MV,16857019,380583,10810,35424,2021-11-10T15:00:13Z
NiziU(니쥬) 1st Album 「Chopstick」 MV,16861969,380606,10810,35421,2021-11-10T15:00:13Z
NiziU(니쥬) 1st Album 「Chopstick」 MV,16867059,380619,10810,35421,2021-11-10T15:00:13Z
NiziU(니쥬) 1st Album 「Chopstick」 MV,16868950,380634,10810,35424,2021-11-10T15:00:13Z
NiziU(니쥬) 1st Album 「Chopstick」 MV,16871184,380650,10810,35428,2021-11-10T15:00:13Z
NiziU(니쥬) 1st Album 「Chopstick」 MV,16876687,380671,10812,35427,2021-11-10T15:00:13Z
NiziU(니쥬) 1st Album 「Chopstick」 MV,16878250,380683,10812,35432,2021-11-10T15:00:13Z
NiziU(니쥬) 1st Album 「Chopstick」 MV,16881076,380691,10812,35432,2021-11-10T15:00:13Z
NiziU(니쥬) 1st Album 「Chopstick」 MV,16882234,380699,10813,35432,2021-11-10T15:00:13Z
NiziU(니쥬) 1st Album 「Chopstick」 MV,16883839,380711,10814,35447,2021-11-10T15:00:13Z
NiziU(니쥬) 1st Album 「Chopstick」 MV,16884809,380717,10814,35449,2021-11-10T15:00:13Z
NiziU(니쥬) 1st Album 「Chopstick」 MV,16885371,380720,10815,35450,2021-11-10T15:00:13Z
NiziU(니쥬) 1st Album 「Chopstick」 MV,16885715,380728,10816,35453,2021-11-10T15:00:13Z
NiziU(니쥬) 1st Album 「Chopstick」 MV,16888144,380747,10817,35458,2021-11-10T15:00:13Z
NiziU(니쥬) 1st Album 「Chopstick」 MV,16891474,380768,10818,35459,2021-11-10T15:00:13Z
NiziU(니쥬) 1st Album 「Chopstick」 MV,16892262,380780,10817,35463,2021-11-10T15:00:13Z
NiziU(니쥬) 1st Album 「Chopstick」 MV,16893127,380787,10818,35468,2021-11-10T15:00:13Z
NiziU(니쥬) 1st Album 「Chopstick」 MV,16893254,380795,10819,35469,2021-11-10T15:00:13Z
NiziU(니쥬) 1st Album 「Chopstick」 MV,16893292,380801,10820,35470,2021-11-10T15:00:13Z
NiziU(니쥬) 1st Album 「Chopstick」 MV,16893321,380813,10820,35471,2021-11-10T15:00:13Z
NiziU(니쥬) 1st Album 「Chopstick」 MV,16895030,380836,10820,35474,2021-11-10T15:00:13Z
NiziU(니쥬) 1st Album 「Chopstick」 MV,16901268,380855,10822,35486,2021-11-10T15:00:13Z
NiziU(니쥬) 1st Album 「Chopstick」 MV,16902176,380881,10823,35487,2021-11-10T15:00:13Z
NiziU(니쥬) 1st Album 「Chopstick」 MV,16903262,380898,10824,35498,2021-11-10T15:00:13Z
NiziU(니쥬) 1st Album 「Chopstick」 MV,16905591,380918,10825,35501,2021-11-10T15:00:13Z
NiziU(니쥬) 1st Album 「Chopstick」 MV,16907015,380938,10826,35504,2021-11-10T15:00:13Z
NiziU(니쥬) 1st Album 「Chopstick」 MV,16908283,380956,10829,35502,2021-11-10T15:00:13Z
NiziU(니쥬) 1st Album 「Chopstick」 MV,16909385,380975,10832,35507,2021-11-10T15:00:13Z
NiziU(니쥬) 1st Album 「Chopstick」 MV,16912116,381022,10831,35523,2021-11-10T15:00:13Z
NiziU(니쥬) 1st Album 「Chopstick」 MV,16917537,381075,10837,35542,2021-11-10T15:00:13Z
NiziU(니쥬) 1st Album 「Chopstick」 MV,16921141,381127,10839,35525,2021-11-10T15:00:13Z
NiziU(니쥬) 1st Album 「Chopstick」 MV,16922848,381149,10841,35524,2021-11-10T15:00:13Z
NiziU(니쥬) 1st Album 「Chopstick」 MV,16924655,381171,10842,35533,2021-11-10T15:00:13Z
NiziU(니쥬) 1st Album 「Chopstick」 MV,16928950,381190,10843,35535,2021-11-10T15:00:13Z
NiziU(니쥬) 1st Album 「Chopstick」 MV,16931811,381202,10843,35544,2021-11-10T15:00:13Z
NiziU(니쥬) 1st Album 「Chopstick」 MV,16938895,381250,10847,35554,2021-11-10T15:00:13Z
NiziU(니쥬) 1st Album 「Chopstick」 MV,16952576,381295,10850,35557,2021-11-10T15:00:13Z
NiziU(니쥬) 1st Album 「Chopstick」 MV,16961740,381337,10853,35564,2021-11-10T15:00:13Z
NiziU(니쥬) 1st Album 「Chopstick」 MV,16964142,381348,10854,35570,2021-11-10T15:00:13Z
NiziU(니쥬) 1st Album 「Chopstick」 MV,16964909,381366,10857,35577,2021-11-10T15:00:13Z
NiziU(니쥬) 1st Album 「Chopstick」 MV,16966370,381380,10858,35577,2021-11-10T15:00:13Z
NiziU(니쥬) 1st Album 「Chopstick」 MV,16988580,381498,10862,35596,2021-11-10T15:00:13Z
NiziU(니쥬) 1st Album 「Chopstick」 MV,17056639,381708,10872,35635,2021-11-10T15:00:13Z
NiziU(니쥬) 1st Album 「Chopstick」 MV,17092651,381812,10878,35658,2021-11-10T15:00:13Z
NiziU(니쥬) 1st Album 「Chopstick」 MV,17121652,381885,10881,35673,2021-11-10T15:00:13Z
NiziU(니쥬) 1st Album 「Chopstick」 MV,17128900,381916,10885,35670,2021-11-10T15:00:13Z
NiziU(니쥬) 1st Album 「Chopstick」 MV,17132579,381924,10885,35672,2021-11-10T15:00:13Z
NiziU(니쥬) 1st Album 「Chopstick」 MV,17144864,381976,10887,35683,2021-11-10T15:00:13Z
NiziU(니쥬) 1st Album 「Chopstick」 MV,17157520,382031,10889,35707,2021-11-10T15:00:13Z
NiziU(니쥬) 1st Album 「Chopstick」 MV,17166086,382070,10893,35723,2021-11-10T15:00:13Z
NiziU(니쥬) 1st Album 「Chopstick」 MV,17169398,382087,10895,35728,2021-11-10T15:00:13Z
NiziU(니쥬) 1st Album 「Chopstick」 MV,17173424,382099,10896,35735,2021-11-10T15:00:13Z
NiziU(니쥬) 1st Album 「Chopstick」 MV,17176411,382115,10895,35743,2021-11-10T15:00:13Z
NiziU(니쥬) 1st Album 「Chopstick」 MV,17205330,382247,10898,35796,2021-11-10T15:00:13Z
NiziU(니쥬) 1st Album 「Chopstick」 MV,17214506,382288,10897,35809,2021-11-10T15:00:13Z
NiziU(니쥬) 1st Album 「Chopstick」 MV,17224030,382336,10899,35828,2021-11-10T15:00:13Z
NiziU(니쥬) 1st Album 「Chopstick」 MV,17232936,382382,10900,35836,2021-11-10T15:00:13Z
NiziU(니쥬) 1st Album 「Chopstick」 MV,17236060,382401,10902,35847,2021-11-10T15:00:13Z
NiziU(니쥬) 1st Album 「Chopstick」 MV,17239814,382419,10902,35847,2021-11-10T15:00:13Z
NiziU(니쥬) 1st Album 「Chopstick」 MV,17247936,382429,10902,35854,2021-11-10T15:00:13Z
NiziU(니쥬) 1st Album 「Chopstick」 MV,17266455,382491,10905,35868,2021-11-10T15:00:13Z
NiziU(니쥬) 1st Album 「Chopstick」 MV,17302461,382615,10908,35887,2021-11-10T15:00:13Z
NiziU(니쥬) 1st Album 「Chopstick」 MV,17309605,382650,10907,35890,2021-11-10T15:00:13Z
NiziU(니쥬) 1st Album 「Chopstick」 MV,17323775,382729,10913,35905,2021-11-10T15:00:13Z
NiziU(니쥬) 1st Album 「Chopstick」 MV,17347015,382855,10922,35915,2021-11-10T15:00:13Z
NiziU(니쥬) 1st Album 「Chopstick」 MV,17350775,382887,10924,35922,2021-11-10T15:00:13Z
NiziU(니쥬) 1st Album 「Chopstick」 MV,17367287,382970,10931,35948,2021-11-10T15:00:13Z
NiziU(니쥬) 1st Album 「Chopstick」 MV,17382548,383044,10932,35960,2021-11-10T15:00:13Z
NiziU(니쥬) 1st Album 「Chopstick」 MV,17392436,383092,10935,35973,2021-11-10T15:00:13Z
NiziU(니쥬) 1st Album 「Chopstick」 MV,17396940,383115,10938,35975,2021-11-10T15:00:13Z
NiziU(니쥬) 1st Album 「Chopstick」 MV,17402084,383152,10939,35984,2021-11-10T15:00:13Z
NiziU(니쥬) 1st Album 「Chopstick」 MV,17411314,383212,10943,36007,2021-11-10T15:00:13Z
NiziU(니쥬) 1st Album 「Chopstick」 MV,17431291,383283,10948,36015,2021-11-10T15:00:13Z
NiziU(니쥬) 1st Album 「Chopstick」 MV,17439795,383341,10949,36041,2021-11-10T15:00:13Z
NiziU(니쥬) 1st Album 「Chopstick」 MV,17451037,383381,10951,36043,2021-11-10T15:00:13Z
NiziU(니쥬) 1st Album 「Chopstick」 MV,17475660,383410,10951,36053,2021-11-10T15:00:13Z
NiziU(니쥬) 1st Album 「Chopstick」 MV,17493620,383437,10951,36057,2021-11-10T15:00:13Z
NiziU(니쥬) 1st Album 「Chopstick」 MV,17515138,383484,10952,36067,2021-11-10T15:00:13Z
NiziU(니쥬) 1st Album 「Chopstick」 MV,17551212,383592,10956,36094,2021-11-10T15:00:13Z
NiziU(니쥬) 1st Album 「Chopstick」 MV,17572585,383652,10956,36099,2021-11-10T15:00:13Z
NiziU(니쥬) 1st Album 「Chopstick」 MV,17586894,383694,10960,36122,2021-11-10T15:00:13Z
NiziU(니쥬) 1st Album 「Chopstick」 MV,17593886,383727,10962,36150,2021-11-10T15:00:13Z
NiziU(니쥬) 1st Album 「Chopstick」 MV,17601578,383766,10963,36172,2021-11-10T15:00:13Z
NiziU(니쥬) 1st Album 「Chopstick」 MV,17623012,383837,10966,36185,2021-11-10T15:00:13Z
NiziU(니쥬) 1st Album 「Chopstick」 MV,17631759,383915,10972,36199,2021-11-10T15:00:13Z
NiziU(니쥬) 1st Album 「Chopstick」 MV,17638544,383959,10975,36201,2021-11-10T15:00:13Z
NiziU(니쥬) 1st Album 「Chopstick」 MV,17654929,383999,10976,36200,2021-11-10T15:00:13Z
