109814,2021/11/20 00:37:56
132602,2021/11/20 00:52:15
156721,2021/11/20 01:18:48
181811,2021/11/20 01:54:52
211633,2021/11/20 02:23:03
232381,2021/11/20 02:42:54
242585,2021/11/20 02:55:05
265410,2021/11/20 03:22:37
278571,2021/11/20 03:43:35
289591,2021/11/20 03:56:03
303464,2021/11/20 04:17:00
315178,2021/11/20 04:29:22
320766,2021/11/20 04:41:44
329296,2021/11/20 04:53:56
336380,2021/11/20 05:17:37
336885,2021/11/20 05:34:22
339565,2021/11/20 05:46:41
348775,2021/11/20 05:59:15
358744,2021/11/20 06:21:17
373036,2021/11/20 06:36:08
393693,2021/11/20 06:48:19
408045,2021/11/20 07:01:03
443510,2021/11/20 07:25:10
463880,2021/11/20 07:41:10
