NiziU(니쥬) 1st Album「Need U」 MV,110512,21993,173,2164,2021-11-19T15:00:00Z
NiziU(니쥬) 1st Album「Need U」 MV,132129,25410,206,2457,2021-11-19T15:00:00Z
NiziU(니쥬) 1st Album「Need U」 MV,154796,29735,245,2719,2021-11-19T15:00:00Z
NiziU(니쥬) 1st Album「Need U」 MV,181299,34383,291,2955,2021-11-19T15:00:00Z
NiziU(니쥬) 1st Album「Need U」 MV,207663,36537,309,3072,2021-11-19T15:00:00Z
NiziU(니쥬) 1st Album「Need U」 MV,227503,37995,334,3184,2021-11-19T15:00:00Z
NiziU(니쥬) 1st Album「Need U」 MV,238608,38724,341,3178,2021-11-19T15:00:00Z
NiziU(니쥬) 1st Album「Need U」 MV,254273,39649,349,3214,2021-11-19T15:00:00Z
NiziU(니쥬) 1st Album「Need U」 MV,270704,40724,355,3259,2021-11-19T15:00:00Z
NiziU(니쥬) 1st Album「Need U」 MV,284572,41289,362,3320,2021-11-19T15:00:00Z
NiziU(니쥬) 1st Album「Need U」 MV,296505,41838,369,3329,2021-11-19T15:00:00Z
NiziU(니쥬) 1st Album「Need U」 MV,307345,42288,376,3357,2021-11-19T15:00:00Z
NiziU(니쥬) 1st Album「Need U」 MV,317652,42636,380,3334,2021-11-19T15:00:00Z
NiziU(니쥬) 1st Album「Need U」 MV,323666,42947,384,3601,2021-11-19T15:00:00Z
NiziU(니쥬) 1st Album「Need U」 MV,332337,43305,391,3627,2021-11-19T15:00:00Z
NiziU(니쥬) 1st Album「Need U」 MV,336812,44102,402,3639,2021-11-19T15:00:00Z
NiziU(니쥬) 1st Album「Need U」 MV,337329,44611,404,3663,2021-11-19T15:00:00Z
NiziU(니쥬) 1st Album「Need U」 MV,341478,45047,408,3682,2021-11-19T15:00:00Z
NiziU(니쥬) 1st Album「Need U」 MV,355620,45723,415,3703,2021-11-19T15:00:00Z
NiziU(니쥬) 1st Album「Need U」 MV,361059,46625,422,3736,2021-11-19T15:00:00Z
NiziU(니쥬) 1st Album「Need U」 MV,382220,47497,431,3769,2021-11-19T15:00:00Z
NiziU(니쥬) 1st Album「Need U」 MV,398964,48329,441,3796,2021-11-19T15:00:00Z
NiziU(니쥬) 1st Album「Need U」 MV,431337,49971,460,3862,2021-11-19T15:00:00Z
NiziU(니쥬) 1st Album「Need U」 MV,457797,51771,482,3919,2021-11-19T15:00:00Z
NiziU(니쥬) 1st Album「Need U」 MV,469617,52832,487,3966,2021-11-19T15:00:00Z
NiziU(니쥬) 1st Album「Need U」 MV,476288,53987,495,4019,2021-11-19T15:00:00Z
NiziU(니쥬) 1st Album「Need U」 MV,492498,56363,528,4139,2021-11-19T15:00:00Z
NiziU(니쥬) 1st Album「Need U」 MV,510035,57812,548,4207,2021-11-19T15:00:00Z
NiziU(니쥬) 1st Album「Need U」 MV,540199,58879,553,4245,2021-11-19T15:00:00Z
NiziU(니쥬) 1st Album「Need U」 MV,594240,61211,579,4337,2021-11-19T15:00:00Z
NiziU(니쥬) 1st Album「Need U」 MV,759056,66928,654,4541,2021-11-19T15:00:00Z
NiziU(니쥬) 1st Album「Need U」 MV,835736,69867,699,4701,2021-11-19T15:00:00Z
NiziU(니쥬) 1st Album「Need U」 MV,885666,71506,718,4780,2021-11-19T15:00:00Z
NiziU(니쥬) 1st Album「Need U」 MV,916560,72045,727,4793,2021-11-19T15:00:00Z
NiziU(니쥬) 1st Album「Need U」 MV,964859,73199,738,4860,2021-11-19T15:00:00Z
NiziU(니쥬) 1st Album「Need U」 MV,990720,73994,748,4889,2021-11-19T15:00:00Z
NiziU(니쥬) 1st Album「Need U」 MV,1011430,74574,756,4913,2021-11-19T15:00:00Z
NiziU(니쥬) 1st Album「Need U」 MV,1049168,75522,770,4964,2021-11-19T15:00:00Z
NiziU(니쥬) 1st Album「Need U」 MV,1092440,76832,790,5092,2021-11-19T15:00:00Z
NiziU(니쥬) 1st Album「Need U」 MV,1117174,77401,800,5111,2021-11-19T15:00:00Z
NiziU(니쥬) 1st Album「Need U」 MV,1145289,78142,807,5153,2021-11-19T15:00:00Z
NiziU(니쥬) 1st Album「Need U」 MV,1156081,78533,815,5171,2021-11-19T15:00:00Z
NiziU(니쥬) 1st Album「Need U」 MV,1177282,78917,823,5193,2021-11-19T15:00:00Z
NiziU(니쥬) 1st Album「Need U」 MV,1191708,79273,833,5210,2021-11-19T15:00:00Z
NiziU(니쥬) 1st Album「Need U」 MV,1226649,80110,854,5248,2021-11-19T15:00:00Z
NiziU(니쥬) 1st Album「Need U」 MV,1250541,80720,861,5265,2021-11-19T15:00:00Z
NiziU(니쥬) 1st Album「Need U」 MV,1260836,81050,873,5285,2021-11-19T15:00:00Z
NiziU(니쥬) 1st Album「Need U」 MV,1282859,81703,885,5304,2021-11-19T15:00:00Z
NiziU(니쥬) 1st Album「Need U」 MV,1296963,82075,891,5317,2021-11-19T15:00:00Z
NiziU(니쥬) 1st Album「Need U」 MV,1307334,82430,896,5384,2021-11-19T15:00:00Z
NiziU(니쥬) 1st Album「Need U」 MV,1315333,82746,896,5398,2021-11-19T15:00:00Z
NiziU(니쥬) 1st Album「Need U」 MV,1342945,83574,915,5437,2021-11-19T15:00:00Z
NiziU(니쥬) 1st Album「Need U」 MV,1359367,84080,924,5455,2021-11-19T15:00:00Z
NiziU(니쥬) 1st Album「Need U」 MV,1365796,84435,927,5457,2021-11-19T15:00:00Z
NiziU(니쥬) 1st Album「Need U」 MV,1377447,85100,934,5507,2021-11-19T15:00:00Z
NiziU(니쥬) 1st Album「Need U」 MV,1382255,85500,941,5526,2021-11-19T15:00:00Z
NiziU(니쥬) 1st Album「Need U」 MV,1390242,85801,942,5525,2021-11-19T15:00:00Z
NiziU(니쥬) 1st Album「Need U」 MV,1409219,86094,947,5554,2021-11-19T15:00:00Z
NiziU(니쥬) 1st Album「Need U」 MV,1435260,86775,957,5595,2021-11-19T15:00:00Z
NiziU(니쥬) 1st Album「Need U」 MV,1472237,87169,964,5634,2021-11-19T15:00:00Z
NiziU(니쥬) 1st Album「Need U」 MV,1493857,87476,969,5661,2021-11-19T15:00:00Z
NiziU(니쥬) 1st Album「Need U」 MV,1501041,87928,976,5693,2021-11-19T15:00:00Z
NiziU(니쥬) 1st Album「Need U」 MV,1513920,88368,982,5745,2021-11-19T15:00:00Z
NiziU(니쥬) 1st Album「Need U」 MV,1524875,88736,986,5759,2021-11-19T15:00:00Z
NiziU(니쥬) 1st Album「Need U」 MV,1532679,88993,990,5773,2021-11-19T15:00:00Z
NiziU(니쥬) 1st Album「Need U」 MV,1547874,89427,999,5796,2021-11-19T15:00:00Z
NiziU(니쥬) 1st Album「Need U」 MV,1571533,90476,1010,5848,2021-11-19T15:00:00Z
NiziU(니쥬) 1st Album「Need U」 MV,1599143,91147,1019,5880,2021-11-19T15:00:00Z
NiziU(니쥬) 1st Album「Need U」 MV,1626102,91775,1031,5910,2021-11-19T15:00:00Z
NiziU(니쥬) 1st Album「Need U」 MV,1636352,92098,1040,5930,2021-11-19T15:00:00Z
NiziU(니쥬) 1st Album「Need U」 MV,1656571,92435,1045,5938,2021-11-19T15:00:00Z
NiziU(니쥬) 1st Album「Need U」 MV,1689353,93022,1057,5976,2021-11-19T15:00:00Z
NiziU(니쥬) 1st Album「Need U」 MV,1716448,93371,1064,5998,2021-11-19T15:00:00Z
NiziU(니쥬) 1st Album「Need U」 MV,1738388,93619,1068,6016,2021-11-19T15:00:00Z
NiziU(니쥬) 1st Album「Need U」 MV,1768947,93913,1073,6045,2021-11-19T15:00:00Z
NiziU(니쥬) 1st Album「Need U」 MV,1797994,94307,1079,6064,2021-11-19T15:00:00Z
NiziU(니쥬) 1st Album「Need U」 MV,1823454,94685,1083,6111,2021-11-19T15:00:00Z
NiziU(니쥬) 1st Album「Need U」 MV,1843118,94924,1071,6121,2021-11-19T15:00:00Z
NiziU(니쥬) 1st Album「Need U」 MV,1858804,95081,1043,6145,2021-11-19T15:00:00Z
NiziU(니쥬) 1st Album「Need U」 MV,1881960,95535,1049,6158,2021-11-19T15:00:00Z
NiziU(니쥬) 1st Album「Need U」 MV,1904544,95775,1053,6161,2021-11-19T15:00:00Z
NiziU(니쥬) 1st Album「Need U」 MV,1925147,95974,1060,6166,2021-11-19T15:00:00Z
NiziU(니쥬) 1st Album「Need U」 MV,1933182,96070,1064,6174,2021-11-19T15:00:00Z
NiziU(니쥬) 1st Album「Need U」 MV,1939628,96139,1064,6189,2021-11-19T15:00:00Z
NiziU(니쥬) 1st Album「Need U」 MV,1965522,96285,1066,6199,2021-11-19T15:00:00Z
NiziU(니쥬) 1st Album「Need U」 MV,1976881,96378,1067,6216,2021-11-19T15:00:00Z
NiziU(니쥬) 1st Album「Need U」 MV,1982190,96440,1069,6209,2021-11-19T15:00:00Z
NiziU(니쥬) 1st Album「Need U」 MV,1989604,96516,1069,6220,2021-11-19T15:00:00Z
NiziU(니쥬) 1st Album「Need U」 MV,1994011,96568,1069,6249,2021-11-19T15:00:00Z
NiziU(니쥬) 1st Album「Need U」 MV,1996314,96622,1070,6251,2021-11-19T15:00:00Z
NiziU(니쥬) 1st Album「Need U」 MV,2000031,96673,1070,6251,2021-11-19T15:00:00Z
NiziU(니쥬) 1st Album「Need U」 MV,2003557,96745,1071,6253,2021-11-19T15:00:00Z
NiziU(니쥬) 1st Album「Need U」 MV,2006816,96810,1072,6253,2021-11-19T15:00:00Z
NiziU(니쥬) 1st Album「Need U」 MV,2009031,96854,1072,6253,2021-11-19T15:00:00Z
NiziU(니쥬) 1st Album「Need U」 MV,2011244,96893,1074,6258,2021-11-19T15:00:00Z
NiziU(니쥬) 1st Album「Need U」 MV,2014805,96965,1074,6261,2021-11-19T15:00:00Z
NiziU(니쥬) 1st Album「Need U」 MV,2017666,97016,1074,6267,2021-11-19T15:00:00Z
NiziU(니쥬) 1st Album「Need U」 MV,2018872,97064,1077,6272,2021-11-19T15:00:00Z
NiziU(니쥬) 1st Album「Need U」 MV,2020528,97120,1078,6276,2021-11-19T15:00:00Z
NiziU(니쥬) 1st Album「Need U」 MV,2023188,97228,1083,6275,2021-11-19T15:00:00Z
NiziU(니쥬) 1st Album「Need U」 MV,2025335,97325,1085,6286,2021-11-19T15:00:00Z
NiziU(니쥬) 1st Album「Need U」 MV,2027400,97394,1086,6297,2021-11-19T15:00:00Z
NiziU(니쥬) 1st Album「Need U」 MV,2029222,97463,1087,6299,2021-11-19T15:00:00Z
NiziU(니쥬) 1st Album「Need U」 MV,2034587,97635,1096,6304,2021-11-19T15:00:00Z
NiziU(니쥬) 1st Album「Need U」 MV,2039511,97745,1098,6310,2021-11-19T15:00:00Z
NiziU(니쥬) 1st Album「Need U」 MV,2043649,97825,1101,6319,2021-11-19T15:00:00Z
NiziU(니쥬) 1st Album「Need U」 MV,2049025,97920,1101,6325,2021-11-19T15:00:00Z
NiziU(니쥬) 1st Album「Need U」 MV,2089325,98736,1121,6397,2021-11-19T15:00:00Z
NiziU(니쥬) 1st Album「Need U」 MV,2133798,99320,1135,6443,2021-11-19T15:00:00Z
NiziU(니쥬) 1st Album「Need U」 MV,2157418,99645,1146,6458,2021-11-19T15:00:00Z
NiziU(니쥬) 1st Album「Need U」 MV,2169312,99779,1148,6468,2021-11-19T15:00:00Z
NiziU(니쥬) 1st Album「Need U」 MV,2186191,100015,1155,6490,2021-11-19T15:00:00Z
NiziU(니쥬) 1st Album「Need U」 MV,2194972,100190,1158,6510,2021-11-19T15:00:00Z
NiziU(니쥬) 1st Album「Need U」 MV,2204846,100295,1161,6519,2021-11-19T15:00:00Z
NiziU(니쥬) 1st Album「Need U」 MV,2212256,100419,1162,6529,2021-11-19T15:00:00Z
NiziU(니쥬) 1st Album「Need U」 MV,2231422,100665,1172,6553,2021-11-19T15:00:00Z
NiziU(니쥬) 1st Album「Need U」 MV,2248733,100875,1177,6577,2021-11-19T15:00:00Z
NiziU(니쥬) 1st Album「Need U」 MV,2263405,101044,1183,6584,2021-11-19T15:00:00Z
NiziU(니쥬) 1st Album「Need U」 MV,2273164,101157,1183,6587,2021-11-19T15:00:00Z
NiziU(니쥬) 1st Album「Need U」 MV,2281348,101257,1185,6591,2021-11-19T15:00:00Z
NiziU(니쥬) 1st Album「Need U」 MV,2289335,101333,1185,6594,2021-11-19T15:00:00Z
NiziU(니쥬) 1st Album「Need U」 MV,2305816,101510,1189,6604,2021-11-19T15:00:00Z
NiziU(니쥬) 1st Album「Need U」 MV,2323908,101698,1191,6623,2021-11-19T15:00:00Z
NiziU(니쥬) 1st Album「Need U」 MV,2335819,101808,1191,6630,2021-11-19T15:00:00Z
NiziU(니쥬) 1st Album「Need U」 MV,2348844,101950,1195,6639,2021-11-19T15:00:00Z
NiziU(니쥬) 1st Album「Need U」 MV,2358414,102066,1199,6649,2021-11-19T15:00:00Z
NiziU(니쥬) 1st Album「Need U」 MV,2365027,102138,1204,6673,2021-11-19T15:00:00Z
NiziU(니쥬) 1st Album「Need U」 MV,2374966,102241,1206,6684,2021-11-19T15:00:00Z
NiziU(니쥬) 1st Album「Need U」 MV,2390310,102396,1208,6694,2021-11-19T15:00:00Z
NiziU(니쥬) 1st Album「Need U」 MV,2403344,102534,1211,6708,2021-11-19T15:00:00Z
NiziU(니쥬) 1st Album「Need U」 MV,2410473,102635,1214,6721,2021-11-19T15:00:00Z
NiziU(니쥬) 1st Album「Need U」 MV,2416316,102717,1214,6734,2021-11-19T15:00:00Z
NiziU(니쥬) 1st Album「Need U」 MV,2429451,102851,1217,6735,2021-11-19T15:00:00Z
NiziU(니쥬) 1st Album「Need U」 MV,2439196,102955,1221,6746,2021-11-19T15:00:00Z
NiziU(니쥬) 1st Album「Need U」 MV,2453512,103031,1221,6770,2021-11-19T15:00:00Z
NiziU(니쥬) 1st Album「Need U」 MV,2471731,103176,1223,6780,2021-11-19T15:00:00Z
NiziU(니쥬) 1st Album「Need U」 MV,2495362,103332,1226,6798,2021-11-19T15:00:00Z
NiziU(니쥬) 1st Album「Need U」 MV,2530495,103422,1229,6817,2021-11-19T15:00:00Z
NiziU(니쥬) 1st Album「Need U」 MV,2546283,103504,1229,6826,2021-11-19T15:00:00Z
NiziU(니쥬) 1st Album「Need U」 MV,2562051,103673,1231,6849,2021-11-19T15:00:00Z
NiziU(니쥬) 1st Album「Need U」 MV,2568284,103756,1234,6845,2021-11-19T15:00:00Z
NiziU(니쥬) 1st Album「Need U」 MV,2577467,103834,1236,6861,2021-11-19T15:00:00Z
NiziU(니쥬) 1st Album「Need U」 MV,2585229,103918,1235,6861,2021-11-19T15:00:00Z
NiziU(니쥬) 1st Album「Need U」 MV,2596921,104134,1242,6899,2021-11-19T15:00:00Z
NiziU(니쥬) 1st Album「Need U」 MV,2625290,104392,1244,6925,2021-11-19T15:00:00Z
NiziU(니쥬) 1st Album「Need U」 MV,2656050,104605,1251,6949,2021-11-19T15:00:00Z
NiziU(니쥬) 1st Album「Need U」 MV,2674580,104726,1253,6963,2021-11-19T15:00:00Z
NiziU(니쥬) 1st Album「Need U」 MV,2686275,104827,1255,6968,2021-11-19T15:00:00Z
NiziU(니쥬) 1st Album「Need U」 MV,2705400,104954,1260,6969,2021-11-19T15:00:00Z
NiziU(니쥬) 1st Album「Need U」 MV,2717469,105083,1263,6990,2021-11-19T15:00:00Z
NiziU(니쥬) 1st Album「Need U」 MV,2731311,105173,1264,6999,2021-11-19T15:00:00Z
NiziU(니쥬) 1st Album「Need U」 MV,2743216,105245,1265,7006,2021-11-19T15:00:00Z
NiziU(니쥬) 1st Album「Need U」 MV,2764316,105432,1265,7004,2021-11-19T15:00:00Z
NiziU(니쥬) 1st Album「Need U」 MV,2778604,105627,1269,7030,2021-11-19T15:00:00Z
NiziU(니쥬) 1st Album「Need U」 MV,2779100,105736,1266,7028,2021-11-19T15:00:00Z
NiziU(니쥬) 1st Album「Need U」 MV,2788372,105826,1254,7039,2021-11-19T15:00:00Z
NiziU(니쥬) 1st Album「Need U」 MV,2811159,106013,1259,7048,2021-11-19T15:00:00Z
NiziU(니쥬) 1st Album「Need U」 MV,2822933,106109,1263,7080,2021-11-19T15:00:00Z
NiziU(니쥬) 1st Album「Need U」 MV,2837442,106174,1264,7083,2021-11-19T15:00:00Z
NiziU(니쥬) 1st Album「Need U」 MV,2841821,106226,1264,7083,2021-11-19T15:00:00Z
NiziU(니쥬) 1st Album「Need U」 MV,2846935,106265,1264,7085,2021-11-19T15:00:00Z
NiziU(니쥬) 1st Album「Need U」 MV,2866357,106349,1264,7091,2021-11-19T15:00:00Z
NiziU(니쥬) 1st Album「Need U」 MV,2874696,106392,1265,7092,2021-11-19T15:00:00Z
NiziU(니쥬) 1st Album「Need U」 MV,2878376,106416,1265,7091,2021-11-19T15:00:00Z
NiziU(니쥬) 1st Album「Need U」 MV,2886899,106451,1264,7095,2021-11-19T15:00:00Z
NiziU(니쥬) 1st Album「Need U」 MV,2890765,106476,1266,7094,2021-11-19T15:00:00Z
NiziU(니쥬) 1st Album「Need U」 MV,2892947,106500,1266,7095,2021-11-19T15:00:00Z
NiziU(니쥬) 1st Album「Need U」 MV,2895408,106518,1266,7097,2021-11-19T15:00:00Z
NiziU(니쥬) 1st Album「Need U」 MV,2899798,106547,1268,7100,2021-11-19T15:00:00Z
NiziU(니쥬) 1st Album「Need U」 MV,2904591,106572,1270,7102,2021-11-19T15:00:00Z
NiziU(니쥬) 1st Album「Need U」 MV,2907198,106592,1272,7102,2021-11-19T15:00:00Z
NiziU(니쥬) 1st Album「Need U」 MV,2909067,106606,1272,7105,2021-11-19T15:00:00Z
NiziU(니쥬) 1st Album「Need U」 MV,2911644,106647,1273,7110,2021-11-19T15:00:00Z
NiziU(니쥬) 1st Album「Need U」 MV,2912594,106670,1273,7112,2021-11-19T15:00:00Z
NiziU(니쥬) 1st Album「Need U」 MV,2913315,106715,1275,7120,2021-11-19T15:00:00Z
NiziU(니쥬) 1st Album「Need U」 MV,2914538,106758,1277,7129,2021-11-19T15:00:00Z
NiziU(니쥬) 1st Album「Need U」 MV,2916472,106821,1278,7145,2021-11-19T15:00:00Z
NiziU(니쥬) 1st Album「Need U」 MV,2919127,106878,1279,7160,2021-11-19T15:00:00Z
NiziU(니쥬) 1st Album「Need U」 MV,2920572,106915,1280,7163,2021-11-19T15:00:00Z
NiziU(니쥬) 1st Album「Need U」 MV,2922620,106960,1282,7170,2021-11-19T15:00:00Z
NiziU(니쥬) 1st Album「Need U」 MV,2928246,107049,1284,7172,2021-11-19T15:00:00Z
NiziU(니쥬) 1st Album「Need U」 MV,2932250,107103,1285,7179,2021-11-19T15:00:00Z
NiziU(니쥬) 1st Album「Need U」 MV,2936188,107151,1287,7186,2021-11-19T15:00:00Z
NiziU(니쥬) 1st Album「Need U」 MV,2939723,107187,1286,7147,2021-11-19T15:00:00Z
NiziU(니쥬) 1st Album「Need U」 MV,2987933,107457,1300,7177,2021-11-19T15:00:00Z
NiziU(니쥬) 1st Album「Need U」 MV,3025373,107686,1307,7206,2021-11-19T15:00:00Z
NiziU(니쥬) 1st Album「Need U」 MV,3046815,107820,1309,7221,2021-11-19T15:00:00Z
NiziU(니쥬) 1st Album「Need U」 MV,3057347,107881,1310,7222,2021-11-19T15:00:00Z
NiziU(니쥬) 1st Album「Need U」 MV,3069790,107983,1315,7229,2021-11-19T15:00:00Z
NiziU(니쥬) 1st Album「Need U」 MV,3078099,108072,1318,7244,2021-11-19T15:00:00Z
NiziU(니쥬) 1st Album「Need U」 MV,3084028,108128,1320,7246,2021-11-19T15:00:00Z
NiziU(니쥬) 1st Album「Need U」 MV,3091600,108178,1321,7253,2021-11-19T15:00:00Z
NiziU(니쥬) 1st Album「Need U」 MV,3109401,108327,1324,7259,2021-11-19T15:00:00Z
NiziU(니쥬) 1st Album「Need U」 MV,3124331,108434,1328,7274,2021-11-19T15:00:00Z
NiziU(니쥬) 1st Album「Need U」 MV,3134349,108508,1330,7280,2021-11-19T15:00:00Z
NiziU(니쥬) 1st Album「Need U」 MV,3142487,108563,1330,7285,2021-11-19T15:00:00Z
NiziU(니쥬) 1st Album「Need U」 MV,3148858,108613,1330,7288,2021-11-19T15:00:00Z
NiziU(니쥬) 1st Album「Need U」 MV,3158373,108656,1330,7296,2021-11-19T15:00:00Z
NiziU(니쥬) 1st Album「Need U」 MV,3174085,108741,1331,7308,2021-11-19T15:00:00Z
NiziU(니쥬) 1st Album「Need U」 MV,3187400,108843,1332,7307,2021-11-19T15:00:00Z
NiziU(니쥬) 1st Album「Need U」 MV,3197339,108915,1334,7309,2021-11-19T15:00:00Z
NiziU(니쥬) 1st Album「Need U」 MV,3215359,109014,1334,7321,2021-11-19T15:00:00Z
NiziU(니쥬) 1st Album「Need U」 MV,3226314,109078,1336,7328,2021-11-19T15:00:00Z
NiziU(니쥬) 1st Album「Need U」 MV,3232924,109140,1339,7334,2021-11-19T15:00:00Z
NiziU(니쥬) 1st Album「Need U」 MV,3238904,109207,1342,7337,2021-11-19T15:00:00Z
NiziU(니쥬) 1st Album「Need U」 MV,3258314,109356,1344,7344,2021-11-19T15:00:00Z
NiziU(니쥬) 1st Album「Need U」 MV,3271264,109453,1347,7353,2021-11-19T15:00:00Z
NiziU(니쥬) 1st Album「Need U」 MV,3277292,109511,1348,7359,2021-11-19T15:00:00Z
NiziU(니쥬) 1st Album「Need U」 MV,3290160,109636,1350,7369,2021-11-19T15:00:00Z
NiziU(니쥬) 1st Album「Need U」 MV,3301193,109732,1354,7386,2021-11-19T15:00:00Z
NiziU(니쥬) 1st Album「Need U」 MV,3316442,109801,1356,7389,2021-11-19T15:00:00Z
NiziU(니쥬) 1st Album「Need U」 MV,3326136,109861,1356,7396,2021-11-19T15:00:00Z
NiziU(니쥬) 1st Album「Need U」 MV,3348148,110019,1360,7408,2021-11-19T15:00:00Z
NiziU(니쥬) 1st Album「Need U」 MV,3377542,110122,1361,7418,2021-11-19T15:00:00Z
NiziU(니쥬) 1st Album「Need U」 MV,3385727,110181,1363,7416,2021-11-19T15:00:00Z
NiziU(니쥬) 1st Album「Need U」 MV,3399483,110293,1364,7425,2021-11-19T15:00:00Z
NiziU(니쥬) 1st Album「Need U」 MV,3412071,110387,1366,7431,2021-11-19T15:00:00Z
NiziU(니쥬) 1st Album「Need U」 MV,3421743,110459,1367,7439,2021-11-19T15:00:00Z
NiziU(니쥬) 1st Album「Need U」 MV,3431945,110511,1368,7440,2021-11-19T15:00:00Z
NiziU(니쥬) 1st Album「Need U」 MV,3446152,110690,1375,7463,2021-11-19T15:00:00Z
NiziU(니쥬) 1st Album「Need U」 MV,3473382,110944,1385,7487,2021-11-19T15:00:00Z
NiziU(니쥬) 1st Album「Need U」 MV,3499399,111131,1390,7501,2021-11-19T15:00:00Z
NiziU(니쥬) 1st Album「Need U」 MV,3514642,111228,1392,7507,2021-11-19T15:00:00Z
NiziU(니쥬) 1st Album「Need U」 MV,3527965,111308,1393,7514,2021-11-19T15:00:00Z
NiziU(니쥬) 1st Album「Need U」 MV,3547154,111434,1397,7535,2021-11-19T15:00:00Z
NiziU(니쥬) 1st Album「Need U」 MV,3561103,111541,1399,7543,2021-11-19T15:00:00Z
NiziU(니쥬) 1st Album「Need U」 MV,3569739,111604,1402,7553,2021-11-19T15:00:00Z
NiziU(니쥬) 1st Album「Need U」 MV,3583175,111675,1402,7569,2021-11-19T15:00:00Z
NiziU(니쥬) 1st Album「Need U」 MV,3586846,111791,1402,7576,2021-11-19T15:00:00Z
NiziU(니쥬) 1st Album「Need U」 MV,3608505,111913,1391,7583,2021-11-19T15:00:00Z
NiziU(니쥬) 1st Album「Need U」 MV,3625531,111983,1393,7592,2021-11-19T15:00:00Z
NiziU(니쥬) 1st Album「Need U」 MV,3650123,112093,1394,7596,2021-11-19T15:00:00Z
NiziU(니쥬) 1st Album「Need U」 MV,3670674,112210,1398,7591,2021-11-19T15:00:00Z
NiziU(니쥬) 1st Album「Need U」 MV,3699068,112291,1398,7594,2021-11-19T15:00:00Z
NiziU(니쥬) 1st Album「Need U」 MV,3708722,112333,1400,7596,2021-11-19T15:00:00Z
NiziU(니쥬) 1st Album「Need U」 MV,3716456,112362,1400,7600,2021-11-19T15:00:00Z
NiziU(니쥬) 1st Album「Need U」 MV,3726314,112413,1400,7602,2021-11-19T15:00:00Z
NiziU(니쥬) 1st Album「Need U」 MV,3735486,112452,1403,7602,2021-11-19T15:00:00Z
NiziU(니쥬) 1st Album「Need U」 MV,3738844,112471,1403,7605,2021-11-19T15:00:00Z
NiziU(니쥬) 1st Album「Need U」 MV,3743752,112502,1403,7608,2021-11-19T15:00:00Z
NiziU(니쥬) 1st Album「Need U」 MV,3745922,112523,1403,7608,2021-11-19T15:00:00Z
NiziU(니쥬) 1st Album「Need U」 MV,3748401,112542,1404,7607,2021-11-19T15:00:00Z
NiziU(니쥬) 1st Album「Need U」 MV,3752187,112556,1403,7610,2021-11-19T15:00:00Z
NiziU(니쥬) 1st Album「Need U」 MV,3756177,112589,1405,7611,2021-11-19T15:00:00Z
NiziU(니쥬) 1st Album「Need U」 MV,3758946,112607,1405,7611,2021-11-19T15:00:00Z
NiziU(니쥬) 1st Album「Need U」 MV,3760360,112629,1406,7611,2021-11-19T15:00:00Z
NiziU(니쥬) 1st Album「Need U」 MV,3761417,112648,1408,7612,2021-11-19T15:00:00Z
NiziU(니쥬) 1st Album「Need U」 MV,3764007,112680,1410,7619,2021-11-19T15:00:00Z
NiziU(니쥬) 1st Album「Need U」 MV,3765400,112702,1411,7621,2021-11-19T15:00:00Z
NiziU(니쥬) 1st Album「Need U」 MV,3766602,112719,1412,7624,2021-11-19T15:00:00Z
NiziU(니쥬) 1st Album「Need U」 MV,3767602,112740,1412,7627,2021-11-19T15:00:00Z
NiziU(니쥬) 1st Album「Need U」 MV,3771375,112783,1413,7634,2021-11-19T15:00:00Z
NiziU(니쥬) 1st Album「Need U」 MV,3773059,112815,1414,7637,2021-11-19T15:00:00Z
NiziU(니쥬) 1st Album「Need U」 MV,3774511,112850,1416,7641,2021-11-19T15:00:00Z
NiziU(니쥬) 1st Album「Need U」 MV,3776010,112884,1416,7655,2021-11-19T15:00:00Z
NiziU(니쥬) 1st Album「Need U」 MV,3779297,112953,1418,7656,2021-11-19T15:00:00Z
NiziU(니쥬) 1st Album「Need U」 MV,3781349,113000,1419,7659,2021-11-19T15:00:00Z
NiziU(니쥬) 1st Album「Need U」 MV,3784320,113034,1419,7662,2021-11-19T15:00:00Z
NiziU(니쥬) 1st Album「Need U」 MV,3805486,113264,1420,7678,2021-11-19T15:00:00Z
NiziU(니쥬) 1st Album「Need U」 MV,3836955,113462,1421,7702,2021-11-19T15:00:00Z
NiziU(니쥬) 1st Album「Need U」 MV,3856578,113586,1424,7709,2021-11-19T15:00:00Z
NiziU(니쥬) 1st Album「Need U」 MV,3878380,113632,1424,7715,2021-11-19T15:00:00Z
NiziU(니쥬) 1st Album「Need U」 MV,3896815,113725,1430,7722,2021-11-19T15:00:00Z
NiziU(니쥬) 1st Album「Need U」 MV,3912584,113795,1435,7725,2021-11-19T15:00:00Z
NiziU(니쥬) 1st Album「Need U」 MV,3918061,113841,1434,7728,2021-11-19T15:00:00Z
NiziU(니쥬) 1st Album「Need U」 MV,3926636,113890,1435,7734,2021-11-19T15:00:00Z
NiziU(니쥬) 1st Album「Need U」 MV,3947164,113984,1436,7750,2021-11-19T15:00:00Z
NiziU(니쥬) 1st Album「Need U」 MV,3969145,114063,1438,7761,2021-11-19T15:00:00Z
NiziU(니쥬) 1st Album「Need U」 MV,3981873,114128,1439,7770,2021-11-19T15:00:00Z
NiziU(니쥬) 1st Album「Need U」 MV,3991270,114172,1439,7771,2021-11-19T15:00:00Z
NiziU(니쥬) 1st Album「Need U」 MV,3998272,114208,1440,7780,2021-11-19T15:00:00Z
NiziU(니쥬) 1st Album「Need U」 MV,4011336,114256,1441,7797,2021-11-19T15:00:00Z
NiziU(니쥬) 1st Album「Need U」 MV,4023634,114318,1444,7821,2021-11-19T15:00:00Z
NiziU(니쥬) 1st Album「Need U」 MV,4042216,114392,1447,7832,2021-11-19T15:00:00Z
NiziU(니쥬) 1st Album「Need U」 MV,4052444,114442,1447,7842,2021-11-19T15:00:00Z
NiziU(니쥬) 1st Album「Need U」 MV,4067821,114519,1452,7855,2021-11-19T15:00:00Z
NiziU(니쥬) 1st Album「Need U」 MV,4078081,114583,1452,7858,2021-11-19T15:00:00Z
NiziU(니쥬) 1st Album「Need U」 MV,4086811,114612,1452,7864,2021-11-19T15:00:00Z
NiziU(니쥬) 1st Album「Need U」 MV,4094266,114647,1452,7870,2021-11-19T15:00:00Z
NiziU(니쥬) 1st Album「Need U」 MV,4110134,114729,1461,7882,2021-11-19T15:00:00Z
